image,link

https://scontent-lga3-1.cdninstagram.com/t51.2885-15/s640x640/sh0.08/e35/c0.82.779.779/14717534_960019564131103_5479402564795498496_n.jpg?ig_cache_key=MTM3MDM4NTQ5ODg4NzA5NTQ1NA%3D%3D.2.c,https://www.instagram.com/p/BMEllnCgwSe/?taken-by=blackworkers
https://scontent-lga3-1.cdninstagram.com/t51.2885-15/s640x640/sh0.08/e35/14677402_1212770778745226_4808491457268678656_n.jpg?ig_cache_key=MTM3MDM4NDI0OTEyNzA2OTIyOQ%3D%3D.2,https://www.instagram.com/p/BMElTbHAmYt/?taken-by=blackworkers
https://scontent-lga3-1.cdninstagram.com/t51.2885-15/s640x640/sh0.08/e35/14693808_696170967199321_233770774953984000_n.jpg?ig_cache_key=MTM3MDM4MzM2MTI4NTA0NDI3OA%3D%3D.2,https://www.instagram.com/p/BMElGgPgDg2/?taken-by=blackworkers
https://scontent-lga3-1.cdninstagram.com/t51.2885-15/s640x640/sh0.08/e35/14553111_1677047025938717_7573511030710468608_n.jpg?ig_cache_key=MTM3MDE3MTc3NjQ4MjU0MDYwMA%3D%3D.2,https://www.instagram.com/p/BMD0_iigfw4/?taken-by=blackworkers
https://scontent-lga3-1.cdninstagram.com/t51.2885-15/s640x640/sh0.08/e35/14733748_1175701512488929_3938841733235736576_n.jpg?ig_cache_key=MTM3MDE2OTUzMTQwNTc0NjYyMQ%3D%3D.2,https://www.instagram.com/p/BMD0e3pgMG9/?taken-by=blackworkers
https://scontent-lga3-1.cdninstagram.com/t51.2885-15/s640x640/sh0.08/e35/14733573_1311431325541734_6248960055975084032_n.jpg?ig_cache_key=MTM3MDE2NzU3MjU1NjgzODg2Mw%3D%3D.2,https://www.instagram.com/p/BMD0CXVAnfP/?taken-by=blackworkers
https://scontent-lga3-1.cdninstagram.com/t51.2885-15/s640x640/sh0.08/e35/14712454_541687796029294_5546638997914124288_n.jpg?ig_cache_key=MTM3MDE2NDM5MzM5MTgwMzkxNA%3D%3D.2,https://www.instagram.com/p/BMDzUGgAc4K/?taken-by=blackworkers
https://scontent-lga3-1.cdninstagram.com/t51.2885-15/s640x640/sh0.08/e35/14574231_157421314720624_1413178329262981120_n.jpg?ig_cache_key=MTM3MDE2MDk5OTE0MzAyMzE4Ng%3D%3D.2,https://www.instagram.com/p/BMDyitXA6JS/?taken-by=blackworkers
https://scontent-lga3-1.cdninstagram.com/t51.2885-15/s640x640/sh0.08/e35/14591040_128795840924534_6711664682433773568_n.jpg?ig_cache_key=MTM2OTY2Njg1MDg0MTAxMTgwNA%3D%3D.2,https://www.instagram.com/p/BMCCL55AaZc/?taken-by=blackworkers
https://scontent-lga3-1.cdninstagram.com/t51.2885-15/s640x640/sh0.08/e35/14717532_198399060602284_4030061598742675456_n.jpg?ig_cache_key=MTM2OTY2NTQ1ODc1MTY1OTY1Mw%3D%3D.2,https://www.instagram.com/p/BMCB3paA96F/?taken-by=blackworkers
https://scontent-lga3-1.cdninstagram.com/t51.2885-15/s640x640/sh0.08/e35/14709490_256680884730292_3303324403223232512_n.jpg?ig_cache_key=MTM2OTI2NTQ4MzE1MjU4MDEyNA%3D%3D.2,https://www.instagram.com/p/BMAm7PGg14c/?taken-by=blackworkers
https://scontent-lga3-1.cdninstagram.com/t51.2885-15/s640x640/sh0.08/e35/14718400_356887884645066_4009921457709645824_n.jpg?ig_cache_key=MTM2OTI2NDA2OTc3Mjc1MTU2Nw%3D%3D.2,https://www.instagram.com/p/BMAmmqygrLP/?taken-by=blackworkers
https://scontent-lga3-1.cdninstagram.com/t51.2885-15/s640x640/sh0.08/e35/14727710_218368151916546_5283757986894839808_n.jpg?ig_cache_key=MTM2OTI2MzI5MTEwODU1MjQ3Nw%3D%3D.2,https://www.instagram.com/p/BMAmbVmge8d/?taken-by=blackworkers
https://scontent-lga3-1.cdninstagram.com/t51.2885-15/s640x640/sh0.08/e35/14582353_1596887153947051_4299062113525039104_n.jpg?ig_cache_key=MTM2OTE0MTQzMzU0MTQ0NTY1NA%3D%3D.2,https://www.instagram.com/p/BMAKuE5gcgW/?taken-by=blackworkers
https://scontent-lga3-1.cdninstagram.com/t51.2885-15/s640x640/sh0.08/e35/14718551_580483992139251_941540441411551232_n.jpg?ig_cache_key=MTM2OTE0MDgzODk1Njk2NjMyMg%3D%3D.2,https://www.instagram.com/p/BMAKlbJgqGy/?taken-by=blackworkers
https://scontent-lga3-1.cdninstagram.com/t51.2885-15/s640x640/sh0.08/e35/14676590_1806368256268687_5798683187970310144_n.jpg?ig_cache_key=MTM2ODk1NzY2NjA4NDUxNjc4Mw%3D%3D.2,https://www.instagram.com/p/BL_g76Hg_Ov/?taken-by=blackworkers
https://scontent-lga3-1.cdninstagram.com/t51.2885-15/e35/14714520_1214689551924950_1343540910641643520_n.jpg?ig_cache_key=MTM2ODc3NTc1NzA4OTgzNjY4Ng%3D%3D.2,https://www.instagram.com/p/BL-3kyKgY6O/?taken-by=blackworkers
https://scontent-lga3-1.cdninstagram.com/t51.2885-15/e35/14714608_337119686642378_3273373642058104832_n.jpg?ig_cache_key=MTM2ODc2NzQ4MjgxODY4NTE1Mw%3D%3D.2,https://www.instagram.com/p/BL-1sYJg2jh/?taken-by=blackworkers
https://scontent-lga3-1.cdninstagram.com/t51.2885-15/s640x640/sh0.08/e35/14676694_1699028577080289_1369220494334623744_n.jpg?ig_cache_key=MTM2ODc2NjkwNzg5NzAzOTc4OA%3D%3D.2,https://www.instagram.com/p/BL-1kAtg0us/?taken-by=blackworkers
https://scontent-lga3-1.cdninstagram.com/t51.2885-15/e35/14726478_1088496897912965_454898806866051072_n.jpg?ig_cache_key=MTM2ODcyMTQ3NzM4NTQ4Mjk4Nw%3D%3D.2,https://www.instagram.com/p/BL-rO6QAnLr/?taken-by=blackworkers
https://scontent-lga3-1.cdninstagram.com/t51.2885-15/e35/14709559_1801923206690681_4698913213616488448_n.jpg?ig_cache_key=MTM2ODcyMDAxOTc5Nzc5MTIwMg%3D%3D.2,https://www.instagram.com/p/BL-q5sxA1Hi/?taken-by=blackworkers
https://scontent-lga3-1.cdninstagram.com/t51.2885-15/e35/14714556_1615829248711143_9127897512319909888_n.jpg?ig_cache_key=MTM2ODcxODQ2NDc3NjMyOTY1Nw%3D%3D.2,https://www.instagram.com/p/BL-qjEigtm5/?taken-by=blackworkers
https://scontent-lga3-1.cdninstagram.com/t51.2885-15/s640x640/sh0.08/e35/14693729_230043097413063_350389440666927104_n.jpg?ig_cache_key=MTM2ODI3ODc2NDQyMDgxMTI4NQ%3D%3D.2,https://www.instagram.com/p/BL9GklrA0oV/?taken-by=blackworkers
https://scontent-lga3-1.cdninstagram.com/t51.2885-15/s640x640/sh0.08/e35/14717457_1760048967580708_5335004355554705408_n.jpg?ig_cache_key=MTM2ODI2OTI5NjcyNzM1OTY0OQ%3D%3D.2,https://www.instagram.com/p/BL9Ea0MggCh/?taken-by=blackworkers
https://scontent-lga3-1.cdninstagram.com/t51.2885-15/s640x640/sh0.08/e35/14719776_187272595053645_8618085310896537600_n.jpg?ig_cache_key=MTM2ODI2NzI5NDAxNDQzOTIyOA%3D%3D.2,https://www.instagram.com/p/BL9D9rBg_88/?taken-by=blackworkers
https://scontent-lga3-1.cdninstagram.com/t51.2885-15/s640x640/sh0.08/e35/14719322_971855082925270_1223291382655877120_n.jpg?ig_cache_key=MTM2Nzg3OTQ0NjU0NzIxOTM1Ng%3D%3D.2,https://www.instagram.com/p/BL7rxv7AUOc/?taken-by=blackworkers
https://scontent-lga3-1.cdninstagram.com/t51.2885-15/s640x640/sh0.08/e35/14723589_1686650241649314_3052958278364430336_n.jpg?ig_cache_key=MTM2Nzg2ODg2ODQzNzA3MDc3NQ%3D%3D.2,https://www.instagram.com/p/BL7pX0SgdO3/?taken-by=blackworkers
https://scontent-lga3-1.cdninstagram.com/t51.2885-15/s640x640/sh0.08/e35/14676509_1782221812043686_498134589072474112_n.jpg?ig_cache_key=MTM2Nzg2NjAwNzk4MDQ3MTc2Nw%3D%3D.2,https://www.instagram.com/p/BL7ouMSAfXX/?taken-by=blackworkers
https://scontent-lga3-1.cdninstagram.com/t51.2885-15/s640x640/sh0.08/e35/14693871_1084112655040076_5659992638078582784_n.jpg?ig_cache_key=MTM2NzgxMTc1NzQ2MDA4MTQ5NA%3D%3D.2,https://www.instagram.com/p/BL7cYvjAstW/?taken-by=blackworkers
https://scontent-lga3-1.cdninstagram.com/t51.2885-15/s640x640/sh0.08/e35/14723511_1775958275997636_2065817280113016832_n.jpg?ig_cache_key=MTM2NzgwOTc2Mjg0MTk2MjI0Mw%3D%3D.2,https://www.instagram.com/p/BL7b7t6gacD/?taken-by=blackworkers
https://scontent-lga3-1.cdninstagram.com/t51.2885-15/s640x640/sh0.08/e35/14719338_209136639498417_1398839344722083840_n.jpg?ig_cache_key=MTM2NzY3MjQ0NTUwNjUwMzg4NA%3D%3D.2,https://www.instagram.com/p/BL68tfLgUTM/?taken-by=blackworkers
https://scontent-lga3-1.cdninstagram.com/t51.2885-15/s640x640/sh0.08/e35/14733131_1613210145639462_8416934700886523904_n.jpg?ig_cache_key=MTM2NzY3MDEzNjM4Mjg0ODE3Ng%3D%3D.2,https://www.instagram.com/p/BL68L4pAnyw/?taken-by=blackworkers
https://scontent-lga3-1.cdninstagram.com/t51.2885-15/s640x640/sh0.08/e35/14730661_1755534698043340_6972761267685556224_n.jpg?ig_cache_key=MTM2NzY2OTA5NDc1MjU1NDU4MA%3D%3D.2,https://www.instagram.com/p/BL678ujAY5U/?taken-by=blackworkers
https://scontent-lga3-1.cdninstagram.com/t51.2885-15/s640x640/sh0.08/e35/14499066_1595509070753161_6473568510340497408_n.jpg?ig_cache_key=MTM2NzMzNzk1NDQ2MDEzODE0Mw%3D%3D.2,https://www.instagram.com/p/BL5wqAHgXqf/?taken-by=blackworkers
https://scontent-lga3-1.cdninstagram.com/t51.2885-15/s640x640/sh0.08/e35/14733357_1207280352677772_8277778752633569280_n.jpg?ig_cache_key=MTM2NzMzNjU0MzYzMDQzNTQzNA%3D%3D.2,https://www.instagram.com/p/BL5wVeLgKRq/?taken-by=blackworkers
https://scontent-lga3-1.cdninstagram.com/t51.2885-15/s640x640/sh0.08/e35/14733238_367925453550435_8315028351156748288_n.jpg?ig_cache_key=MTM2NzA4Mzg2MjY4NTAxNTE0Mg%3D%3D.2,https://www.instagram.com/p/BL424etglxm/?taken-by=blackworkers
https://scontent-lga3-1.cdninstagram.com/t51.2885-15/s640x640/sh0.08/e35/c0.34.702.702/14547790_547877188744936_1023942258023464960_n.jpg?ig_cache_key=MTM2NzA1NDYxODkzMjA3MjMzMg%3D%3D.2.c,https://www.instagram.com/p/BL4wO7WAM-M/?taken-by=blackworkers
https://scontent-lga3-1.cdninstagram.com/t51.2885-15/e35/14659317_145829835881815_3261090941829644288_n.jpg?ig_cache_key=MTM2Njk1NDUyMjc4MTQ5ODk0Nw%3D%3D.2,https://www.instagram.com/p/BL4ZeVigT5D/?taken-by=blackworkers
https://scontent-lga3-1.cdninstagram.com/t51.2885-15/s640x640/sh0.08/e35/14677225_313304089037943_5067873895302823936_n.jpg?ig_cache_key=MTM2Njk0MjE5MTgwNDUwODExMQ%3D%3D.2,https://www.instagram.com/p/BL4Wq5bAGfP/?taken-by=blackworkers
https://scontent-lga3-1.cdninstagram.com/t51.2885-15/s640x640/sh0.08/e35/14709695_1309944785703121_6849396685819346944_n.jpg?ig_cache_key=MTM2Njk0MTM0ODEwMzUxNjA1MA%3D%3D.2,https://www.instagram.com/p/BL4WenqgO-S/?taken-by=blackworkers
https://scontent-lga3-1.cdninstagram.com/t51.2885-15/s640x640/sh0.08/e35/14607042_1758705251050285_4017230963766460416_n.jpg?ig_cache_key=MTM2NjQzNzgzNzU4Njc1OTMyNQ%3D%3D.2,https://www.instagram.com/p/BL2j_k9Av6d/?taken-by=blackworkers
https://scontent-lga3-1.cdninstagram.com/t51.2885-15/s640x640/sh0.08/e35/14718526_363674473976351_7199139394605809664_n.jpg?ig_cache_key=MTM2NjI2NTQ5NjUwNDI5Nzc0OQ%3D%3D.2,https://www.instagram.com/p/BL18zr0AukV/?taken-by=blackworkers
https://scontent-lga3-1.cdninstagram.com/t51.2885-15/s640x640/sh0.08/e35/14718153_199123433846356_1135308797208690688_n.jpg?ig_cache_key=MTM2NjA1ODQ5NTQ3MjAxMDMyOQ%3D%3D.2,https://www.instagram.com/p/BL1NvbFA4RZ/?taken-by=blackworkers
https://scontent-lga3-1.cdninstagram.com/t51.2885-15/s640x640/sh0.08/e35/14488220_1853034204931736_8840743811454861312_n.jpg?ig_cache_key=MTM2NjA1NzQzMjAzOTgwMzQzNg%3D%3D.2,https://www.instagram.com/p/BL1Nf8rg8os/?taken-by=blackworkers
https://scontent-lga3-1.cdninstagram.com/t51.2885-15/s640x640/sh0.08/e35/14719792_1762325347341134_9133057344295403520_n.jpg?ig_cache_key=MTM2NjA1NjUzMTYxNDg3OTU1MA%3D%3D.2,https://www.instagram.com/p/BL1NS2GAc8-/?taken-by=blackworkers
https://scontent-lga3-1.cdninstagram.com/t51.2885-15/s640x640/sh0.08/e35/14498904_1320345494662919_435281595281178624_n.jpg?ig_cache_key=MTM2NTYwNjA1NTg1NzQ3MjI5Ng%3D%3D.2,https://www.instagram.com/p/BLzm3j2gcMo/?taken-by=blackworkers
https://scontent-lga3-1.cdninstagram.com/t51.2885-15/s640x640/sh0.08/e35/14499069_1138373152906635_8566280106861920256_n.jpg?ig_cache_key=MTM2NTYwMjQ0MzYzODkyNjMxOA%3D%3D.2,https://www.instagram.com/p/BLzmC_tgOvu/?taken-by=blackworkers
https://scontent-lga3-1.cdninstagram.com/t51.2885-15/e35/14676586_2119409284951952_8519492837673271296_n.jpg?ig_cache_key=MTM2NTM2ODE4OTgwNjA3NDA4Mg%3D%3D.2,https://www.instagram.com/p/BLywyJ1Alji/?taken-by=blackworkers
https://scontent-lga3-1.cdninstagram.com/t51.2885-15/e35/14565070_1126377254113121_3575118089857007616_n.jpg?ig_cache_key=MTM2NTM0MjUxMDU5OTIzNTI4Mg%3D%3D.2,https://www.instagram.com/p/BLyq8eNAebS/?taken-by=blackworkers
https://scontent-lga3-1.cdninstagram.com/t51.2885-15/e35/14709666_738501009637242_3662909690993442816_n.jpg?ig_cache_key=MTM2NTA3MTk5MjEwOTE5NjM2Mw%3D%3D.2,https://www.instagram.com/p/BLxtb6OgORL/?taken-by=blackworkers
https://scontent-lga3-1.cdninstagram.com/t51.2885-15/e35/14718564_260417857689072_2459495825005346816_n.jpg?ig_cache_key=MTM2NTA3MDEzMzM3ODIxMjIwNQ%3D%3D.2,https://www.instagram.com/p/BLxtA3JgOFt/?taken-by=blackworkers
https://scontent-lga3-1.cdninstagram.com/t51.2885-15/s640x640/sh0.08/e35/14712315_381897208809126_7248916699766849536_n.jpg?ig_cache_key=MTM2NDgzMjM4NzcyMDIwNTM2OA%3D%3D.2,https://www.instagram.com/p/BLw29NQAtQ4/?taken-by=blackworkers
https://scontent-lga3-1.cdninstagram.com/t51.2885-15/e35/14726161_1706631809663445_5853249295767044096_n.jpg?ig_cache_key=MTM2NDYxNTU2NzcyMTM4NjgzMg%3D%3D.2,https://www.instagram.com/p/BLwFqD5AFNQ/?taken-by=blackworkers
https://scontent-lga3-1.cdninstagram.com/t51.2885-15/s640x640/sh0.08/e35/14736189_234610166954824_2152242355799851008_n.jpg?ig_cache_key=MTM2NDYxNDQyOTExMDY2MzExOA%3D%3D.2,https://www.instagram.com/p/BLwFZfeg3fO/?taken-by=blackworkers
https://scontent-lga3-1.cdninstagram.com/t51.2885-15/s640x640/sh0.08/e35/14727458_1353709431320241_6271979242435641344_n.jpg?ig_cache_key=MTM2NDU2NjgzODEzODMyODQxNg%3D%3D.2,https://www.instagram.com/p/BLv6k87g1Vg/?taken-by=blackworkers
https://scontent-lga3-1.cdninstagram.com/t51.2885-15/s640x640/sh0.08/e35/14515639_1297851743568153_1325384082426691584_n.jpg?ig_cache_key=MTM2NDU2NjQ3NDA5NzcwNzM0OA%3D%3D.2,https://www.instagram.com/p/BLv6fp5AElU/?taken-by=blackworkers
https://scontent-lga3-1.cdninstagram.com/t51.2885-15/s640x640/sh0.08/e35/14540512_327313600957854_4082457523989250048_n.jpg?ig_cache_key=MTM2NDMzMDQxMDQ4MTMzOTI5Ng%3D%3D.2,https://www.instagram.com/p/BLvE0ehAMug/?taken-by=blackworkers
https://scontent-lga3-1.cdninstagram.com/t51.2885-15/s640x640/sh0.08/e35/14574261_1595705050731620_3604905234242994176_n.jpg?ig_cache_key=MTM2NDMwMDE1NTIxMzUwNTQyOQ%3D%3D.2,https://www.instagram.com/p/BLu98NGguOV/?taken-by=blackworkers
https://scontent-lga3-1.cdninstagram.com/t51.2885-15/s640x640/sh0.08/e35/14719767_1123928700977260_6766065713162485760_n.jpg?ig_cache_key=MTM2NDI5OTA0OTE3NTQ0Njk0OA%3D%3D.2,https://www.instagram.com/p/BLu9sHBgXWk/?taken-by=blackworkers
https://scontent-lga3-1.cdninstagram.com/t51.2885-15/s640x640/sh0.08/e35/14565081_1771029813161053_9636072661188608_n.jpg?ig_cache_key=MTM2NDI5ODIyNjEzNTU0NjM1MA%3D%3D.2,https://www.instagram.com/p/BLu9gIggTnu/?taken-by=blackworkers
https://scontent-lga3-1.cdninstagram.com/t51.2885-15/s640x640/sh0.08/e35/14723207_1380937095273126_5831503476915437568_n.jpg?ig_cache_key=MTM2MzU1MzUxMzI2Njk4NTYwNg%3D%3D.2,https://www.instagram.com/p/BLsULImg7qG/?taken-by=blackworkers
https://scontent-lga3-1.cdninstagram.com/t51.2885-15/s640x640/sh0.08/e35/14723122_1224923477575546_4405169491026116608_n.jpg?ig_cache_key=MTM2MzM2OTU5OTQxMTc5NzE5Ng%3D%3D.2,https://www.instagram.com/p/BLrqW1egbzM/?taken-by=blackworkers
https://scontent-lga3-1.cdninstagram.com/t51.2885-15/s640x640/sh0.08/e35/14718551_1700820373578372_622757149679812608_n.jpg?ig_cache_key=MTM2MzM2Nzk1MDQyMTI4ODg4MA%3D%3D.2,https://www.instagram.com/p/BLrp-1vA2ew/?taken-by=blackworkers
https://scontent-lga3-1.cdninstagram.com/t51.2885-15/s640x640/sh0.08/e35/14719542_1099971556752917_7464132064950878208_n.jpg?ig_cache_key=MTM2MzM2NjYzMDMzOTQ1MzA5MQ%3D%3D.2,https://www.instagram.com/p/BLrproUASCj/?taken-by=blackworkers
https://scontent-lga3-1.cdninstagram.com/t51.2885-15/s640x640/sh0.08/e35/14547788_1212655672090212_7268954925520912384_n.jpg?ig_cache_key=MTM2MzA1MDE4Mzg4NTEzNzc1Mw%3D%3D.2,https://www.instagram.com/p/BLqhuulgSdZ/?taken-by=blackworkers
https://scontent-lga3-1.cdninstagram.com/t51.2885-15/e35/14607050_665932873562599_6828947590608846848_n.jpg?ig_cache_key=MTM2MzA0NzMwOTM2MDg5NzkzOA%3D%3D.2,https://www.instagram.com/p/BLqhE5egh-S/?taken-by=blackworkers
https://scontent-lga3-1.cdninstagram.com/t51.2885-15/s640x640/sh0.08/e35/14709630_368262696838953_4975491631256961024_n.jpg?ig_cache_key=MTM2Mjc5OTg4MDkwODc5OTgwMA%3D%3D.2,https://www.instagram.com/p/BLpo0Vxg384/?taken-by=blackworkers
https://scontent-lga3-1.cdninstagram.com/t51.2885-15/s640x640/sh0.08/e35/14705027_1594144670890852_7550455856718938112_n.jpg?ig_cache_key=MTM2Mjc4OTMyOTIwNTc2ODU1MQ%3D%3D.2,https://www.instagram.com/p/BLpmayvALFn/?taken-by=blackworkers
https://scontent-lga3-1.cdninstagram.com/t51.2885-15/s640x640/sh0.08/e35/14730568_1882299645331328_7837493254164578304_n.jpg?ig_cache_key=MTM2MjU1MjYxNjQ0NTUyMjI2Mw%3D%3D.2,https://www.instagram.com/p/BLowmKzA7FX/?taken-by=blackworkers
https://scontent-lga3-1.cdninstagram.com/t51.2885-15/s640x640/sh0.08/e35/14711992_1141522952563997_2153216776505131008_n.jpg?ig_cache_key=MTM2MjU1MDY5ODgzNDY3MTQwMQ%3D%3D.2,https://www.instagram.com/p/BLowKQ4gDcp/?taken-by=blackworkers
https://scontent-lga3-1.cdninstagram.com/t51.2885-15/s640x640/sh0.08/e35/14714597_1239319422792432_6551929810698895360_n.jpg?ig_cache_key=MTM2MjU0ODgzNjM1NDIxNzcxNA%3D%3D.2,https://www.instagram.com/p/BLovvKUA9by/?taken-by=blackworkers
https://scontent-lga3-1.cdninstagram.com/t51.2885-15/s640x640/sh0.08/e35/14714437_1202170923159087_4075037100402016256_n.jpg?ig_cache_key=MTM2MjAyOTI5OTA2NjIwMjg5Mw%3D%3D.2,https://www.instagram.com/p/BLm5m5gg-sN/?taken-by=blackworkers
https://scontent-lga3-1.cdninstagram.com/t51.2885-15/s640x640/sh0.08/e35/14676521_677242932449749_5632365282421899264_n.jpg?ig_cache_key=MTM2MjAyMjY3NzI4MzUzNTI1NA%3D%3D.2,https://www.instagram.com/p/BLm4GifgvmW/?taken-by=blackworkers
https://scontent-lga3-1.cdninstagram.com/t51.2885-15/s640x640/sh0.08/e35/14561948_593706257474984_8408059245458620416_n.jpg?ig_cache_key=MTM2MjAxODI3NTk2NTI5MjI0OA%3D%3D.2,https://www.instagram.com/p/BLm3GfcgE7Y/?taken-by=blackworkers
https://scontent-lga3-1.cdninstagram.com/t51.2885-15/s640x640/sh0.08/e35/14676574_632928523552847_536041742793703424_n.jpg?ig_cache_key=MTM2MTg5NjIyNDQ5NTc2MDc3OQ%3D%3D.2,https://www.instagram.com/p/BLmbWaKA_WL/?taken-by=blackworkers
https://scontent-lga3-1.cdninstagram.com/t51.2885-15/s640x640/sh0.08/e35/14717431_1133350690082985_3244980214559670272_n.jpg?ig_cache_key=MTM2MTg5NDkxMDQzNjkxNjM0MA%3D%3D.2,https://www.instagram.com/p/BLmbDSWATx0/?taken-by=blackworkers
https://scontent-lga3-1.cdninstagram.com/t51.2885-15/s640x640/sh0.08/e35/14718132_464076357100703_6034180857604866048_n.jpg?ig_cache_key=MTM2MTg5MzQ2OTkyODMyMjc4NQ%3D%3D.2,https://www.instagram.com/p/BLmauUxAHbh/?taken-by=blackworkers
https://scontent-lga3-1.cdninstagram.com/t51.2885-15/e35/14504829_1621585184808438_1456271978116677632_n.jpg?ig_cache_key=MTM2MTY4MDY0NDM3NTEwMTU3NQ%3D%3D.2,https://www.instagram.com/p/BLlqVThgMCH/?taken-by=blackworkers
https://scontent-lga3-1.cdninstagram.com/t51.2885-15/s640x640/sh0.08/e35/c0.55.735.735/14726235_970638089726390_2494799919307554816_n.jpg?ig_cache_key=MTM2MTY3OTU3MTA3Nzg3OTY3NA%3D%3D.2.c,https://www.instagram.com/p/BLlqFr8ANd6/?taken-by=blackworkers
https://scontent-lga3-1.cdninstagram.com/t51.2885-15/s640x640/sh0.08/e35/14676773_1805731059710959_1544797782437527552_n.jpg?ig_cache_key=MTM2MDk5MDgyODU2MjAzNzc5MQ%3D%3D.2,https://www.instagram.com/p/BLjNfKfATwf/?taken-by=blackworkers
https://scontent-lga3-1.cdninstagram.com/t51.2885-15/s640x640/sh0.08/e35/14722956_1735649090033722_2988151323561558016_n.jpg?ig_cache_key=MTM2MDk5MDQ4NTc5NTIyNDY2OQ%3D%3D.2,https://www.instagram.com/p/BLjNaLQgrxd/?taken-by=blackworkers
https://scontent-lga3-1.cdninstagram.com/t51.2885-15/s640x640/sh0.08/e35/14733503_545005482349214_2805272092839247872_n.jpg?ig_cache_key=MTM2MDI0Mzc2MTg5MjA1MjM3NQ%3D%3D.2,https://www.instagram.com/p/BLgjn6bhE2X/?taken-by=blackworkers
https://scontent-lga3-1.cdninstagram.com/t51.2885-15/s640x640/sh0.08/e35/14591976_200671943695238_5980634770181193728_n.jpg?ig_cache_key=MTM1OTk0MzI1OTM3MTQyNjAyMw%3D%3D.2,https://www.instagram.com/p/BLffTBphVDn/?taken-by=blackworkers
https://scontent-lga3-1.cdninstagram.com/t51.2885-15/s640x640/sh0.08/e35/14482836_2113905908834694_8878272445413326848_n.jpg?ig_cache_key=MTM1OTk0MjA4MDQ3MDA4NzUyNw%3D%3D.2,https://www.instagram.com/p/BLffB3thndn/?taken-by=blackworkers
https://scontent-lga3-1.cdninstagram.com/t51.2885-15/s640x640/sh0.08/e35/14714573_296408500752099_5242146436765712384_n.jpg?ig_cache_key=MTM1OTg0NjIyNDgzNjIzODY1MQ%3D%3D.2,https://www.instagram.com/p/BLfJO_MhR07/?taken-by=blackworkers
https://scontent-lga3-1.cdninstagram.com/t51.2885-15/s640x640/sh0.08/e35/14719761_648133668687707_2069386866087428096_n.jpg?ig_cache_key=MTM1OTg0NDMyNjk3MjMzNTc2NA%3D%3D.2,https://www.instagram.com/p/BLfIzXrBCaU/?taken-by=blackworkers
https://scontent-lga3-1.cdninstagram.com/t51.2885-15/s640x640/sh0.08/e35/14727594_1797986640449304_8673201307651145728_n.jpg?ig_cache_key=MTM1OTcwNDc2MjAxODU4OTg3Mg%3D%3D.2,https://www.instagram.com/p/BLepEbrhmyw/?taken-by=blackworkers
https://scontent-lga3-1.cdninstagram.com/t51.2885-15/s640x640/sh0.08/e35/14714479_137300963400759_8238834780922183680_n.jpg?ig_cache_key=MTM1OTcwNDI4OTUzMDIwOTk5Mg%3D%3D.2,https://www.instagram.com/p/BLeo9jpBebI/?taken-by=blackworkers
https://scontent-lga3-1.cdninstagram.com/t51.2885-15/s640x640/sh0.08/e35/14487276_509155409293987_893629883656175616_n.jpg?ig_cache_key=MTM1OTQ2Mzc2MjkwNTc4NTY5NA%3D%3D.2,https://www.instagram.com/p/BLdyRbxA-Ve/?taken-by=blackworkers
https://scontent-lga3-1.cdninstagram.com/t51.2885-15/s640x640/sh0.08/e35/14624305_325449171150306_3169127192282005504_n.jpg?ig_cache_key=MTM1OTQ2MjUxNDE5NDIxODE1OQ%3D%3D.2,https://www.instagram.com/p/BLdx_Q0AXyv/?taken-by=blackworkers
https://scontent-lga3-1.cdninstagram.com/t51.2885-15/s640x640/sh0.08/e35/14711994_974393859336111_7273668523279253504_n.jpg?ig_cache_key=MTM1OTQ2MTkyMzU2MDg3MTkyMQ%3D%3D.2,https://www.instagram.com/p/BLdx2qvg9fx/?taken-by=blackworkers
https://scontent-lga3-1.cdninstagram.com/t51.2885-15/s640x640/sh0.08/e35/14693919_1850378918526617_2678907184259006464_n.jpg?ig_cache_key=MTM1OTA4MzAyNjIzNTAyOTU4MQ%3D%3D.2,https://www.instagram.com/p/BLcbs_HAHhN/?taken-by=blackworkers
https://scontent-lga3-1.cdninstagram.com/t51.2885-15/s640x640/sh0.08/e35/14718084_195181314224965_2773331524865490944_n.jpg?ig_cache_key=MTM1OTA0MDczMjg4Njk1MDcwMQ%3D%3D.2,https://www.instagram.com/p/BLcSFiXA2Mt/?taken-by=blackworkers
https://scontent-lga3-1.cdninstagram.com/t51.2885-15/s640x640/sh0.08/e35/14448320_1122672641120327_3564138761879027712_n.jpg?ig_cache_key=MTM1OTA0MDA4MzAzODA1ODI4Mg%3D%3D.2,https://www.instagram.com/p/BLcR8FJADcq/?taken-by=blackworkers
https://scontent-lga3-1.cdninstagram.com/t51.2885-15/s640x640/sh0.08/e35/14718025_1209524559105399_1289637834126262272_n.jpg?ig_cache_key=MTM1ODk4MTA1NjI0NTYzNTAxOQ%3D%3D.2,https://www.instagram.com/p/BLcEhIKAZfL/?taken-by=blackworkers
https://scontent-lga3-1.cdninstagram.com/t51.2885-15/s640x640/sh0.08/e35/14591054_721711987976996_3017788826991984640_n.jpg?ig_cache_key=MTM1ODk3OTk4MTc3NDAzMzE5NQ%3D%3D.2,https://www.instagram.com/p/BLcERfeghEr/?taken-by=blackworkers
https://scontent-lga3-1.cdninstagram.com/t51.2885-15/s640x640/sh0.08/e35/14596682_1100082063445913_8935099789066895360_n.jpg?ig_cache_key=MTM1ODk3NDQ1MjkwMTIwOTkxMg%3D%3D.2,https://www.instagram.com/p/BLcDBCUAec4/?taken-by=blackworkers
https://scontent-lga3-1.cdninstagram.com/t51.2885-15/s640x640/sh0.08/e35/14550030_318154471878397_4623138943859163136_n.jpg?ig_cache_key=MTM1ODc5MzA1MjI4MTU2MzY0Mw%3D%3D.2,https://www.instagram.com/p/BLbZxT0gun7/?taken-by=blackworkers
https://scontent-lga3-1.cdninstagram.com/t51.2885-15/s640x640/sh0.08/e35/14553161_1232071616856379_6359329441193132032_n.jpg?ig_cache_key=MTM1ODc5MjQ5MDE2OTM2MDU3Nw%3D%3D.2,https://www.instagram.com/p/BLbZpIUA2DB/?taken-by=blackworkers
https://scontent-lga3-1.cdninstagram.com/t51.2885-15/s640x640/sh0.08/e35/14606968_600833240119555_1255854171131740160_n.jpg?ig_cache_key=MTM1ODc4OTg4NjI1MzIwMDU2OQ%3D%3D.2,https://www.instagram.com/p/BLbZDPOg_S5/?taken-by=blackworkers
https://scontent-lga3-1.cdninstagram.com/t51.2885-15/s640x640/sh0.08/e35/14474353_316557742040369_8986773133310558208_n.jpg?ig_cache_key=MTM1ODEyNzAzMDE2NzkxNDYzNQ%3D%3D.2,https://www.instagram.com/p/BLZCVaZA8iL/?taken-by=blackworkers
https://scontent-lga3-1.cdninstagram.com/t51.2885-15/s640x640/sh0.08/e35/14533522_311302842577477_202327791826370560_n.jpg?ig_cache_key=MTM1ODA3MDEyMjA0NDE3OTg4MQ%3D%3D.2,https://www.instagram.com/p/BLY1ZSkg8Wp/?taken-by=blackworkers
https://scontent-lga3-1.cdninstagram.com/t51.2885-15/s640x640/sh0.08/e35/14448157_1825937254286861_2168006595173154816_n.jpg?ig_cache_key=MTM1ODA2OTIxMDQ1NDAyNTM5Mg%3D%3D.2,https://www.instagram.com/p/BLY1MBlgeSw/?taken-by=blackworkers
https://scontent-lga3-1.cdninstagram.com/t51.2885-15/s640x640/sh0.08/e35/14596731_869805059821808_9005576856614731776_n.jpg?ig_cache_key=MTM1ODA2MzU0NzYyMzQ1MTMzMg%3D%3D.2,https://www.instagram.com/p/BLYz5nqgKrE/?taken-by=blackworkers
https://scontent-lga3-1.cdninstagram.com/t51.2885-15/s640x640/sh0.08/e35/14448352_1669914946653999_6354149203828015104_n.jpg?ig_cache_key=MTM1Nzc2MjY4MDE4MTUwMzIyMQ%3D%3D.2,https://www.instagram.com/p/BLXvfbBgDT1/?taken-by=blackworkers
https://scontent-lga3-1.cdninstagram.com/t51.2885-15/s640x640/sh0.08/e35/14550083_1776440215964797_2327880082682544128_n.jpg?ig_cache_key=MTM1NzcyNDMxNTA1MDY2NzUwMA%3D%3D.2,https://www.instagram.com/p/BLXmxItgW3s/?taken-by=blackworkers
https://scontent-lga3-1.cdninstagram.com/t51.2885-15/s640x640/sh0.08/e35/14550183_1113446432078161_1578718493543497728_n.jpg?ig_cache_key=MTM1NzcyMjQ2Mzk1MzQ4Mjk3Mw%3D%3D.2,https://www.instagram.com/p/BLXmWMvg_Td/?taken-by=blackworkers
https://scontent-lga3-1.cdninstagram.com/t51.2885-15/s640x640/sh0.08/e35/14504788_194981064261409_1509290068030783488_n.jpg?ig_cache_key=MTM1NzU4ODYyODgyOTg2ODc4Nw%3D%3D.2,https://www.instagram.com/p/BLXH6pEg5Lz/?taken-by=blackworkers
https://scontent-lga3-1.cdninstagram.com/t51.2885-15/s640x640/sh0.08/e35/14574016_1411287928901295_7702222370118828032_n.jpg?ig_cache_key=MTM1NzU4ODA0MzcxNjA4OTMxOA%3D%3D.2,https://www.instagram.com/p/BLXHyIJA9Xm/?taken-by=blackworkers
https://scontent-lga3-1.cdninstagram.com/t51.2885-15/s640x640/sh0.08/e35/14549969_302100650175469_3598109191526416384_n.jpg?ig_cache_key=MTM1NzM4MTQxODY2OTQ3MTQ5OA%3D%3D.2,https://www.instagram.com/p/BLWYzVkgncK/?taken-by=blackworkers
https://scontent-lga3-1.cdninstagram.com/t51.2885-15/s640x640/sh0.08/e35/14449371_1209038369155954_7544493248111181824_n.jpg?ig_cache_key=MTM1NzM4MDU1NTUyMzU0OTg4MA%3D%3D.2,https://www.instagram.com/p/BLWYmxtAOq4/?taken-by=blackworkers
https://scontent-lga3-1.cdninstagram.com/t51.2885-15/s640x640/sh0.08/e35/14583301_1233139820063236_1688302526811602944_n.jpg?ig_cache_key=MTM1Njk1NzkzNzY2MjIzMjQyOQ%3D%3D.2,https://www.instagram.com/p/BLU4g4JgQdt/?taken-by=blackworkers
https://scontent-lga3-1.cdninstagram.com/t51.2885-15/s640x640/sh0.08/e35/14474418_1873648829530005_1120457736601993216_n.jpg?ig_cache_key=MTM1Njk1NzU2MzgyNDA3MTY4Nw%3D%3D.2,https://www.instagram.com/p/BLU4bb_A2QH/?taken-by=blackworkers
https://scontent-lga3-1.cdninstagram.com/t51.2885-15/s640x640/sh0.08/e35/14547568_1194991063894548_4540849831484063744_n.jpg?ig_cache_key=MTM1Njk1NzI3MzM4NTMwMTQ3MA%3D%3D.2,https://www.instagram.com/p/BLU4XNfg3Xe/?taken-by=blackworkers
https://scontent-lga3-1.cdninstagram.com/t51.2885-15/e35/14564917_674361362726707_2963837028367597568_n.jpg?ig_cache_key=MTM1NjU1NTA4OTQwOTYyNzg4Nw%3D%3D.2,https://www.instagram.com/p/BLTc6qeglbv/?taken-by=blackworkers
https://scontent-lga3-1.cdninstagram.com/t51.2885-15/e35/14515828_1499563003404249_4909621573264080896_n.jpg?ig_cache_key=MTM1NjU1NDIxMTUyNDg5NzYzMQ%3D%3D.2,https://www.instagram.com/p/BLTct44gGtf/?taken-by=blackworkers
https://scontent-lga3-1.cdninstagram.com/t51.2885-15/s640x640/sh0.08/e35/14482106_346366145708494_9025537077172764672_n.jpg?ig_cache_key=MTM1NTg5NjcxNjU0ODgxODIxNg%3D%3D.2,https://www.instagram.com/p/BLRHOE-AsUo/?taken-by=blackworkers
https://scontent-lga3-1.cdninstagram.com/t51.2885-15/s640x640/sh0.08/e35/14565053_1146710802070760_8646730097061003264_n.jpg?ig_cache_key=MTM1NTg5NDQ2MjAwMTM3MzA1NQ%3D%3D.2,https://www.instagram.com/p/BLRGtRQgt9_/?taken-by=blackworkers
https://scontent-lga3-1.cdninstagram.com/t51.2885-15/s640x640/sh0.08/e35/14550129_1286286871395030_1590670601549250560_n.jpg?ig_cache_key=MTM1NTg5MzM0OTAxNzQ2NDY5Mg%3D%3D.2,https://www.instagram.com/p/BLRGdEtgC90/?taken-by=blackworkers
https://scontent-lga3-1.cdninstagram.com/t51.2885-15/s640x640/sh0.08/e35/14533673_1760070927599783_6512100053522317312_n.jpg?ig_cache_key=MTM1NTQ4NzQwMzkzNDA1NjkwNQ%3D%3D.2,https://www.instagram.com/p/BLPqJy5AYHJ/?taken-by=blackworkers
https://scontent-lga3-1.cdninstagram.com/t51.2885-15/s640x640/sh0.08/e35/14482949_1684763545095593_1982227574331277312_n.jpg?ig_cache_key=MTM1NTQ4NTE3OTU2MDMzNzA1MQ%3D%3D.2,https://www.instagram.com/p/BLPppbSAB6b/?taken-by=blackworkers
https://scontent-lga3-1.cdninstagram.com/t51.2885-15/s640x640/sh0.08/e35/14540495_1811054912511794_1029573711767797760_n.jpg?ig_cache_key=MTM1NTM1NzEwMzI2NjcwOTgxNA%3D%3D.2,https://www.instagram.com/p/BLPMhq8A8E2/?taken-by=blackworkers
https://scontent-lga3-1.cdninstagram.com/t51.2885-15/s640x640/sh0.08/e35/14590911_1692518804409293_4358466703844179968_n.jpg?ig_cache_key=MTM1NTM1NjcxMTQ4NDk0MTY5Ng%3D%3D.2,https://www.instagram.com/p/BLPMb-EAGWA/?taken-by=blackworkers
https://scontent-lga3-1.cdninstagram.com/t51.2885-15/s640x640/sh0.08/e35/14549962_317090615317920_7646115739157397504_n.jpg?ig_cache_key=MTM1NTM1NjIxOTk4ODAxMzE0Mw%3D%3D.2,https://www.instagram.com/p/BLPMU0UgHBX/?taken-by=blackworkers
https://scontent-lga3-1.cdninstagram.com/t51.2885-15/s640x640/sh0.08/e35/14504956_1828472124065347_6081967930755514368_n.jpg?ig_cache_key=MTM1NDY3MTY3MDQxNzQxNzc2Mw%3D%3D.2,https://www.instagram.com/p/BLMwrT2g-Yj/?taken-by=blackworkers
https://scontent-lga3-1.cdninstagram.com/t51.2885-15/s640x640/sh0.08/e35/14591045_153413465116583_5274819176404353024_n.jpg?ig_cache_key=MTM1NDY3MTA2NzUxOTU2MTAyNg%3D%3D.2,https://www.instagram.com/p/BLMwiiXAK1C/?taken-by=blackworkers
https://scontent-lga3-1.cdninstagram.com/t51.2885-15/s640x640/sh0.08/e35/14482292_1779436682296069_6231413323569561600_n.jpg?ig_cache_key=MTM1NDY3MDY1Njg2Mzc4MDgyMQ%3D%3D.2,https://www.instagram.com/p/BLMwcj6Ar_V/?taken-by=blackworkers
https://scontent-lga3-1.cdninstagram.com/t51.2885-15/s640x640/sh0.08/e35/14566629_1783689495207962_1452951311266873344_n.jpg?ig_cache_key=MTM1NDA0MzE3OTg5MjA5MzMxOQ%3D%3D.2,https://www.instagram.com/p/BLKhxkcAjGH/?taken-by=blackworkers
https://scontent-lga3-1.cdninstagram.com/t51.2885-15/s640x640/sh0.08/e35/14448413_1593645860940110_1151758526247337984_n.jpg?ig_cache_key=MTM1NDA0MjgzMzczNjI5NjAwMw%3D%3D.2,https://www.instagram.com/p/BLKhsiDg-ZD/?taken-by=blackworkers
https://scontent-lga3-1.cdninstagram.com/t51.2885-15/s640x640/sh0.08/e35/14591025_2229158647224194_72506744537874432_n.jpg?ig_cache_key=MTM1Mzk3MTQxODkxNTg4MjA3Mw%3D%3D.2,https://www.instagram.com/p/BLKRdT0g0RZ/?taken-by=blackworkers
https://scontent-lga3-1.cdninstagram.com/t51.2885-15/s640x640/sh0.08/e35/14374219_1803676973207303_7608972312225775616_n.jpg?ig_cache_key=MTM1Mzk3MDg2NjczNTYxOTUyMQ%3D%3D.2,https://www.instagram.com/p/BLKRVRkAR3B/?taken-by=blackworkers
https://scontent-lga3-1.cdninstagram.com/t51.2885-15/s640x640/sh0.08/e35/14499077_1666009670378160_3944549989585256448_n.jpg?ig_cache_key=MTM1Mzk2OTk0NzQxOTY0MDQ3NQ%3D%3D.2,https://www.instagram.com/p/BLKRH5YgIKb/?taken-by=blackworkers
https://scontent-lga3-1.cdninstagram.com/t51.2885-15/s640x640/sh0.08/e35/14596759_597289153812684_6775267521680375808_n.jpg?ig_cache_key=MTM1Mzc3NDgwMTAzNDA2MjcyNA%3D%3D.2,https://www.instagram.com/p/BLJkwJJgquE/?taken-by=blackworkers
https://scontent-lga3-1.cdninstagram.com/t51.2885-15/s640x640/sh0.08/e35/14498934_544610649067692_2346068204029214720_n.jpg?ig_cache_key=MTM1Mzc3MzkxODkwNDc3NjI0OA%3D%3D.2,https://www.instagram.com/p/BLJkjTmgfY4/?taken-by=blackworkers
https://scontent-lga3-1.cdninstagram.com/t51.2885-15/s640x640/sh0.08/e35/14566524_705154086308419_6429264406558801920_n.jpg?ig_cache_key=MTM1Mzc3MzI4NzAxNjE3MzI0MA%3D%3D.2,https://www.instagram.com/p/BLJkaHHAw64/?taken-by=blackworkers
https://scontent-lga3-1.cdninstagram.com/t51.2885-15/s640x640/sh0.08/e35/14561995_1820030838228636_6584773606000033792_n.jpg?ig_cache_key=MTM1MjgyOTMwNTQ5MDcxOTI3Nw%3D%3D.2,https://www.instagram.com/p/BLGNxXzg0It/?taken-by=blackworkers
https://scontent-lga3-1.cdninstagram.com/t51.2885-15/s640x640/sh0.08/e35/14487462_1793158167640669_3551263575207051264_n.jpg?ig_cache_key=MTM1MjgyNzU3NDI5MTc0MDE4Mg%3D%3D.2,https://www.instagram.com/p/BLGNYLgAzYW/?taken-by=blackworkers
https://scontent-lga3-1.cdninstagram.com/t51.2885-15/s640x640/sh0.08/e35/14550005_207228839690671_8002596985343311872_n.jpg?ig_cache_key=MTM1MjUyMjYxMTkzNDAxMjE3Mg%3D%3D.2,https://www.instagram.com/p/BLFICZLAqMM/?taken-by=blackworkers
https://scontent-lga3-1.cdninstagram.com/t51.2885-15/s640x640/sh0.08/e35/14474540_1841138126107295_4554264977149526016_n.jpg?ig_cache_key=MTM1MjUyMTY2NzMyNjQ3MDIzMg%3D%3D.2,https://www.instagram.com/p/BLFH0pcA2hY/?taken-by=blackworkers
https://scontent-lga3-1.cdninstagram.com/t51.2885-15/s640x640/sh0.08/e35/14504687_1790174224605646_2298289153877475328_n.jpg?ig_cache_key=MTM1MjUyMTM2NzgyNzg4MTg0OA%3D%3D.2,https://www.instagram.com/p/BLFHwSggZ94/?taken-by=blackworkers
https://scontent-lga3-1.cdninstagram.com/t51.2885-15/s640x640/sh0.08/e35/14562050_1203212686407577_7146134997047443456_n.jpg?ig_cache_key=MTM1MjE5NDA4NTgwODcyOTE4Ng%3D%3D.2,https://www.instagram.com/p/BLD9VtYA2xi/?taken-by=blackworkers
https://scontent-lga3-1.cdninstagram.com/t51.2885-15/s640x640/sh0.08/e35/14540538_645670588947050_3289836737034977280_n.jpg?ig_cache_key=MTM1MjE5MjMxMzUxMzc4MTQ4Nw%3D%3D.2,https://www.instagram.com/p/BLD876zAKjv/?taken-by=blackworkers
https://scontent-lga3-1.cdninstagram.com/t51.2885-15/s640x640/sh0.08/e35/14574276_1203559793035287_6715715214551023616_n.jpg?ig_cache_key=MTM1MTgwMTE4MTAyNTkxMTIyMg%3D%3D.2,https://www.instagram.com/p/BLCkAMSAMG2/?taken-by=blackworkers
https://scontent-lga3-1.cdninstagram.com/t51.2885-15/s640x640/sh0.08/e35/14369221_1826876750881313_2529271176501395456_n.jpg?ig_cache_key=MTM1MTcwMjgwNTk3NDUzODY0Mg%3D%3D.2,https://www.instagram.com/p/BLCNopYAtmS/?taken-by=blackworkers
https://scontent-lga3-1.cdninstagram.com/t51.2885-15/s640x640/sh0.08/e35/14561818_317112275310810_132120048792764416_n.jpg?ig_cache_key=MTM1MTcwMTk3ODQ3MTg4NjAzNw%3D%3D.2,https://www.instagram.com/p/BLCNcmtAmzV/?taken-by=blackworkers
https://scontent-lga3-1.cdninstagram.com/t51.2885-15/s640x640/sh0.08/e35/14374054_1120103061360731_207305779181518848_n.jpg?ig_cache_key=MTM1MTYxMjg2MzkwNjcyNTgzOQ%3D%3D.2,https://www.instagram.com/p/BLB5L0TAj_P/?taken-by=blackworkers
https://scontent-lga3-1.cdninstagram.com/t51.2885-15/s640x640/sh0.08/e35/14482256_559708374230563_7702702723556179968_n.jpg?ig_cache_key=MTM1MTYxMjQzNzA1MjI5NzUzMg%3D%3D.2,https://www.instagram.com/p/BLB5FmwgJE8/?taken-by=blackworkers
https://scontent-lga3-1.cdninstagram.com/t51.2885-15/s640x640/sh0.08/e35/14504746_324618551247623_5200010075992752128_n.jpg?ig_cache_key=MTM1MTYxMTUwMjczNzYzOTAxMQ%3D%3D.2,https://www.instagram.com/p/BLB44AnAkZj/?taken-by=blackworkers
https://scontent-lga3-1.cdninstagram.com/t51.2885-15/s640x640/sh0.08/e35/14473991_1713715772284159_8762476562290311168_n.jpg?ig_cache_key=MTM1MTAzMTAwNzU0MDczNTIwNQ%3D%3D.2,https://www.instagram.com/p/BK_04sVAOzl/?taken-by=blackworkers
https://scontent-lga3-1.cdninstagram.com/t51.2885-15/s640x640/sh0.08/e35/14482872_1264191503612692_3831613060032757760_n.jpg?ig_cache_key=MTM1MTAzMDM5MjE2OTIwMDQ4Ng%3D%3D.2,https://www.instagram.com/p/BK_0vvOAHtm/?taken-by=blackworkers
https://scontent-lga3-1.cdninstagram.com/t51.2885-15/s640x640/sh0.08/e35/14504662_149849968805763_4858394308618747904_n.jpg?ig_cache_key=MTM1MTAyODc4OTM4MzE5NDgwMA%3D%3D.2,https://www.instagram.com/p/BK_0Yagguiw/?taken-by=blackworkers
https://scontent-lga3-1.cdninstagram.com/t51.2885-15/s640x640/sh0.08/e35/14488118_1788546911422042_6825619343141765120_n.jpg?ig_cache_key=MTM1MDg3NzcxODI2MjI2MTQ4Mw%3D%3D.2,https://www.instagram.com/p/BK_SCCkAybr/?taken-by=blackworkers
https://scontent-lga3-1.cdninstagram.com/t51.2885-15/s640x640/sh0.08/e35/14499059_1640872302909818_9082389215672532992_n.jpg?ig_cache_key=MTM1MDg3NzIzODk2MjM1MzgyNQ%3D%3D.2,https://www.instagram.com/p/BK_R7ELgvah/?taken-by=blackworkers
https://scontent-lga3-1.cdninstagram.com/t51.2885-15/s640x640/sh0.08/e35/14374240_679387215561348_5543228819650904064_n.jpg?ig_cache_key=MTM1MDg3Njg1NTkzMDAxNjMzMA%3D%3D.2,https://www.instagram.com/p/BK_R1fdAVJK/?taken-by=blackworkers
https://scontent-lga3-1.cdninstagram.com/t51.2885-15/s640x640/sh0.08/e35/14515863_426501637473681_8479209905612390400_n.jpg?ig_cache_key=MTM1MDA4MjgwODE0NzgyMTM0Nw%3D%3D.2,https://www.instagram.com/p/BK8dSk1A0Mj/?taken-by=blackworkers
https://scontent-lga3-1.cdninstagram.com/t51.2885-15/s640x640/sh0.08/e35/14449301_188469264910835_789457758289133568_n.jpg?ig_cache_key=MTM1MDA4MTQ2MzQ2MjI5NjU5Nw%3D%3D.2,https://www.instagram.com/p/BK8c_AfgnwV/?taken-by=blackworkers
https://scontent-lga3-1.cdninstagram.com/t51.2885-15/s640x640/sh0.08/e35/14504677_1767693016814028_7278658966039560192_n.jpg?ig_cache_key=MTM1MDA4MDYyNjkwODQyNjE5NA%3D%3D.2,https://www.instagram.com/p/BK8cy1ZA2_S/?taken-by=blackworkers
https://scontent-lga3-1.cdninstagram.com/t51.2885-15/s640x640/sh0.08/e35/14482223_339498446383968_3263345670811025408_n.jpg?ig_cache_key=MTM0OTYxNTM1NjYwNzQ5OTQ4Mw%3D%3D.2,https://www.instagram.com/p/BK6zAQqAIzb/?taken-by=blackworkers
https://scontent-lga3-1.cdninstagram.com/t51.2885-15/s640x640/sh0.08/e35/14360193_169905766789600_5496956100429217792_n.jpg?ig_cache_key=MTM0OTYxNDY1NTM4NzEzNDUzNw%3D%3D.2,https://www.instagram.com/p/BK6y2DmAupJ/?taken-by=blackworkers
https://scontent-lga3-1.cdninstagram.com/t51.2885-15/s640x640/sh0.08/e35/c0.65.750.750/14374520_362528057470018_2320453701975670784_n.jpg?ig_cache_key=MTM0OTIzMjg1MzMyMTMwMjY3Mw%3D%3D.2.c,https://www.instagram.com/p/BK5cCGtgMKR/?taken-by=blackworkers
https://scontent-lga3-1.cdninstagram.com/t51.2885-15/e35/14487404_1655444748100477_3770783008722780160_n.jpg?ig_cache_key=MTM0OTIzMDYwNTQxNzcyOTMyMw%3D%3D.2,https://www.instagram.com/p/BK5bhZMAk0r/?taken-by=blackworkers
https://scontent-lga3-1.cdninstagram.com/t51.2885-15/e35/14350718_1155959317774290_8582885025953873920_n.jpg?ig_cache_key=MTM0OTExNzI2OTUxODY3NDM1MA%3D%3D.2,https://www.instagram.com/p/BK5BwI6AWmu/?taken-by=blackworkers
https://scontent-lga3-1.cdninstagram.com/t51.2885-15/e35/14478310_174479582995331_4021185086752817152_n.jpg?ig_cache_key=MTM0OTExNjA1ODYzMTQ1NDg3NA%3D%3D.2,https://www.instagram.com/p/BK5BehLgMCa/?taken-by=blackworkers
https://scontent-lga3-1.cdninstagram.com/t51.2885-15/s640x640/sh0.08/e35/14482275_1228645990510388_3066711863157850112_n.jpg?ig_cache_key=MTM0ODk4MDYzNjI2NTk2NjU4Mg%3D%3D.2,https://www.instagram.com/p/BK4ir3Rg2v2/?taken-by=blackworkers
https://scontent-lga3-1.cdninstagram.com/t51.2885-15/s640x640/sh0.08/e35/14488105_655558831289274_1806265951079890944_n.jpg?ig_cache_key=MTM0ODg0NjM3MTM2ODY4MjkzOQ%3D%3D.2,https://www.instagram.com/p/BK4EKDWAUW7/?taken-by=blackworkers
https://scontent-lga3-1.cdninstagram.com/t51.2885-15/s640x640/sh0.08/e35/14334824_1280572208621090_8984030727972585472_n.jpg?ig_cache_key=MTM0ODg0MTMzOTk0MDI4MzY2OA%3D%3D.2,https://www.instagram.com/p/BK4DA1dgKUU/?taken-by=blackworkers
https://scontent-lga3-1.cdninstagram.com/t51.2885-15/s640x640/sh0.08/e35/14474513_147384099052316_6137344743694139392_n.jpg?ig_cache_key=MTM0ODc5MzkwMDU1ODUwMzkyOA%3D%3D.2,https://www.instagram.com/p/BK34OgGAM_4/?taken-by=blackworkers
https://scontent-lga3-1.cdninstagram.com/t51.2885-15/s640x640/sh0.08/e35/14334719_179576639148583_8312221091812605952_n.jpg?ig_cache_key=MTM0ODc0MTQ4NDc0NDE4MTkzMg%3D%3D.2,https://www.instagram.com/p/BK3sTwEAois/?taken-by=blackworkers
https://scontent-lga3-1.cdninstagram.com/t51.2885-15/s640x640/sh0.08/e35/14369057_1246893475331292_7173758620377546752_n.jpg?ig_cache_key=MTM0ODc0MDIwNTU5ODg0NzUyMQ%3D%3D.2,https://www.instagram.com/p/BK3sBIxAbIh/?taken-by=blackworkers
https://scontent-lga3-1.cdninstagram.com/t51.2885-15/s640x640/sh0.08/e35/14374141_203575410054857_1980408767350571008_n.jpg?ig_cache_key=MTM0ODczOTQyMDI1NzQxNzQyNQ%3D%3D.2,https://www.instagram.com/p/BK3r1tXAnjR/?taken-by=blackworkers
https://scontent-lga3-1.cdninstagram.com/t51.2885-15/s640x640/sh0.08/e35/14360099_101349526998837_4117555300947460096_n.jpg?ig_cache_key=MTM0ODczODc0NDQwMzk4OTI2OQ%3D%3D.2,https://www.instagram.com/p/BK3rr37AZMV/?taken-by=blackworkers
https://scontent-lga3-1.cdninstagram.com/t51.2885-15/e35/14449308_1699363247051592_4008900239040708608_n.jpg?ig_cache_key=MTM0ODI0MTc1OTAwNzcxNDcxMA%3D%3D.2,https://www.instagram.com/p/BK16ryNAK2W/?taken-by=blackworkers
https://scontent-lga3-1.cdninstagram.com/t51.2885-15/e35/14449259_1328902937121455_3117761694114250752_n.jpg?ig_cache_key=MTM0ODIzOTczMjMzNjgwMDQ4NA%3D%3D.2,https://www.instagram.com/p/BK16OSuALLk/?taken-by=blackworkers
https://scontent-lga3-1.cdninstagram.com/t51.2885-15/e35/14488311_345253282480088_6030451863919263744_n.jpg?ig_cache_key=MTM0ODE5Njg5MTA0NDc1MzU0NA%3D%3D.2,https://www.instagram.com/p/BK1we3qAjCI/?taken-by=blackworkers
https://scontent-lga3-1.cdninstagram.com/t51.2885-15/e35/14350361_342658416069258_5080613476972363776_n.jpg?ig_cache_key=MTM0ODE3NjkyNTc4ODY1MDY0Mg%3D%3D.2,https://www.instagram.com/p/BK1r8VkAryS/?taken-by=blackworkers
https://scontent-lga3-1.cdninstagram.com/t51.2885-15/e35/14448167_306676033031343_7416437342187028480_n.jpg?ig_cache_key=MTM0ODExNzY1NTMwNzAzNDMyMw%3D%3D.2,https://www.instagram.com/p/BK1ed1oAh7T/?taken-by=blackworkers
https://scontent-lga3-1.cdninstagram.com/t51.2885-15/e35/14515884_631629686997440_8677193535587352576_n.jpg?ig_cache_key=MTM0ODExNjIwNDAyNzU1MDEyNw%3D%3D.2,https://www.instagram.com/p/BK1eIuBApmv/?taken-by=blackworkers
https://scontent-lga3-1.cdninstagram.com/t51.2885-15/s640x640/sh0.08/e35/14474112_1277068445661059_8898387254729244672_n.jpg?ig_cache_key=MTM0NzIxOTAxOTI4MjgyOTE4Mw%3D%3D.2,https://www.instagram.com/p/BKySI9nAM9_/?taken-by=blackworkers
https://scontent-lga3-1.cdninstagram.com/t51.2885-15/s640x640/sh0.08/e35/14487387_205078423245069_2818222905295372288_n.jpg?ig_cache_key=MTM0Njg5MzkzMjEzNDQ0OTg5MQ%3D%3D.2,https://www.instagram.com/p/BKxIOUnAMLj/?taken-by=blackworkers
https://scontent-lga3-1.cdninstagram.com/t51.2885-15/s640x640/sh0.08/e35/14350535_837068493097234_261345719124754432_n.jpg?ig_cache_key=MTM0NjgzNTA3MjYxOTExODgxMw%3D%3D.2,https://www.instagram.com/p/BKw61zagADd/?taken-by=blackworkers
https://scontent-lga3-1.cdninstagram.com/t51.2885-15/s640x640/sh0.08/e35/14309918_555204661357217_6460092200045772800_n.jpg?ig_cache_key=MTM0NjgzMjM3Mzc1MjM4MjQ4OQ%3D%3D.2,https://www.instagram.com/p/BKw6Oh5gcQZ/?taken-by=blackworkers
https://scontent-lga3-1.cdninstagram.com/t51.2885-15/s640x640/sh0.08/e35/14487348_625878820905870_8931138751183192064_n.jpg?ig_cache_key=MTM0NjgzMTQ4ODkyMjExMjEzNQ%3D%3D.2,https://www.instagram.com/p/BKw6Bp1g1CH/?taken-by=blackworkers
https://scontent-lga3-1.cdninstagram.com/t51.2885-15/s640x640/sh0.08/e35/14240842_212809209136943_6667020099414654976_n.jpg?ig_cache_key=MTM0NjY4NzQ0Mzk5MDEzNTA4OA%3D%3D.2,https://www.instagram.com/p/BKwZRhigsEw/?taken-by=blackworkers
https://scontent-lga3-1.cdninstagram.com/t51.2885-15/s640x640/sh0.08/e35/14474410_1273262929380013_6269589831869792256_n.jpg?ig_cache_key=MTM0NjY4NjM1NjcyNTkwMDk2OA%3D%3D.2,https://www.instagram.com/p/BKwZBs8gyao/?taken-by=blackworkers
https://scontent-lga3-1.cdninstagram.com/t51.2885-15/s640x640/sh0.08/e35/14350591_1175903782466635_7449896872589656064_n.jpg?ig_cache_key=MTM0NjE2NzI3MzU4MDMzOTUzNw%3D%3D.2,https://www.instagram.com/p/BKujADGAyFR/?taken-by=blackworkers
https://scontent-lga3-1.cdninstagram.com/t51.2885-15/s640x640/sh0.08/e35/14334469_347972272214268_681035831502176256_n.jpg?ig_cache_key=MTM0NjE2NjcxNzcxNzY1ODMyMQ%3D%3D.2,https://www.instagram.com/p/BKui39aA7rR/?taken-by=blackworkers
https://scontent-lga3-1.cdninstagram.com/t51.2885-15/s640x640/sh0.08/e35/14482174_1584864098486259_7842493450795614208_n.jpg?ig_cache_key=MTM0NjA1NDA1MjU3MTYwNzE1NA%3D%3D.2,https://www.instagram.com/p/BKuJQd0AXBy/?taken-by=blackworkers
https://scontent-lga3-1.cdninstagram.com/t51.2885-15/s640x640/sh0.08/e35/14368985_949405011827467_7217521777323278336_n.jpg?ig_cache_key=MTM0NjA1MTAzMDUyNTIzMjQ2Mw%3D%3D.2,https://www.instagram.com/p/BKuIkfUAUVP/?taken-by=blackworkers
https://scontent-lga3-1.cdninstagram.com/t51.2885-15/s640x640/sh0.08/e35/14295385_2098846727007017_2072381978711162880_n.jpg?ig_cache_key=MTM0NTkyMjgzMTk4NDIyMzU2Mg%3D%3D.2,https://www.instagram.com/p/BKtra9HgeVK/?taken-by=blackworkers
https://scontent-lga3-1.cdninstagram.com/t51.2885-15/s640x640/sh0.08/e35/14310833_1804318809852249_1745684539721646080_n.jpg?ig_cache_key=MTM0NTkyMTcxMzY2NTQwNzMxNQ%3D%3D.2,https://www.instagram.com/p/BKtrKrmgvlT/?taken-by=blackworkers
https://scontent-lga3-1.cdninstagram.com/t51.2885-15/s640x640/sh0.08/e35/14334350_1585326945095453_6579181163443650560_n.jpg?ig_cache_key=MTM0NTkyMDYwMzYwOTM0MzUyMA%3D%3D.2,https://www.instagram.com/p/BKtq6hyA6Yg/?taken-by=blackworkers
https://scontent-lga3-1.cdninstagram.com/t51.2885-15/s640x640/sh0.08/e35/14374313_160888994360388_1609794308506910720_n.jpg?ig_cache_key=MTM0NTc2OTY4NTY0NzQ4ODEyNQ%3D%3D.2,https://www.instagram.com/p/BKtImYegfR9/?taken-by=blackworkers
https://scontent-lga3-1.cdninstagram.com/t51.2885-15/s640x640/sh0.08/e35/14374312_597961047080643_3308605078398566400_n.jpg?ig_cache_key=MTM0NTc2ODg1NjE1Njc0ODk1NQ%3D%3D.2,https://www.instagram.com/p/BKtIaT9Abyb/?taken-by=blackworkers
https://scontent-lga3-1.cdninstagram.com/t51.2885-15/s640x640/sh0.08/e35/14241079_1302259726475326_6743985428027670528_n.jpg?ig_cache_key=MTM0NTc2NzY3NTkxMzA5Nzc3MA%3D%3D.2,https://www.instagram.com/p/BKtIJIxANIq/?taken-by=blackworkers
https://scontent-lga3-1.cdninstagram.com/t51.2885-15/s640x640/sh0.08/e35/14294931_201768933576492_7168504316301410304_n.jpg?ig_cache_key=MTM0NTM3NTgzNDU3MTIwMDk4OA%3D%3D.2,https://www.instagram.com/p/BKrvDGFAtnc/?taken-by=blackworkers
https://scontent-lga3-1.cdninstagram.com/t51.2885-15/s640x640/sh0.08/e35/14309823_752717124866832_2897144312338841600_n.jpg?ig_cache_key=MTM0NTM3NDE2NjA3Njk5OTQ1NA%3D%3D.2,https://www.instagram.com/p/BKruq0LAcce/?taken-by=blackworkers
https://scontent-lga3-1.cdninstagram.com/t51.2885-15/s640x640/sh0.08/e35/14288052_1041724135945814_2295708080396042240_n.jpg?ig_cache_key=MTM0NDU3MjY4NjA1NTIzMjE2Nw%3D%3D.2,https://www.instagram.com/p/BKo4bvvA9Kn/?taken-by=blackworkers
https://scontent-lga3-1.cdninstagram.com/t51.2885-15/s640x640/sh0.08/e35/14350847_562357923947288_5341084444402909184_n.jpg?ig_cache_key=MTM0NDU3MDY0MTc4NDk0ODAxMQ%3D%3D.2,https://www.instagram.com/p/BKo39_3AsUr/?taken-by=blackworkers
https://scontent-lga3-1.cdninstagram.com/t51.2885-15/s640x640/sh0.08/e35/14279027_558067597714776_4101161148785623040_n.jpg?ig_cache_key=MTM0NDQ5MDIxOTU5NjAwODk4NQ%3D%3D.2,https://www.instagram.com/p/BKolrs3Ac4Z/?taken-by=blackworkers
https://scontent-lga3-1.cdninstagram.com/t51.2885-15/s640x640/sh0.08/e35/14294846_2093566617535764_4640006268273033216_n.jpg?ig_cache_key=MTM0NDQ3NzcxNTYxMjUyMTQzMQ%3D%3D.2,https://www.instagram.com/p/BKoi1vng1PX/?taken-by=blackworkers
https://scontent-lga3-1.cdninstagram.com/t51.2885-15/s640x640/sh0.08/e35/14294956_1192265854128240_6377336031452069888_n.jpg?ig_cache_key=MTM0NDQ3NjM5Mjc2MjU0NzIxNQ%3D%3D.2,https://www.instagram.com/p/BKoiifngpwP/?taken-by=blackworkers
https://scontent-lga3-1.cdninstagram.com/t51.2885-15/e35/c0.31.456.456/14374089_657474241094167_8547404064898416640_n.jpg?ig_cache_key=MTM0NDQ3MzU3NTg0Mjg0NzUyMw%3D%3D.2.c,https://www.instagram.com/p/BKoh5gKAxsj/?taken-by=blackworkers
https://scontent-lga3-1.cdninstagram.com/t51.2885-15/s640x640/sh0.08/e35/14374460_1900783916815805_5074609237246607360_n.jpg?ig_cache_key=MTM0NDMzNjI2ODAxMTU0ODM4Mw%3D%3D.2,https://www.instagram.com/p/BKoCraRgK7f/?taken-by=blackworkers
https://scontent-lga3-1.cdninstagram.com/t51.2885-15/s640x640/sh0.08/e35/14310701_197844350636657_5807277095407058944_n.jpg?ig_cache_key=MTM0NDMzNTE4NjA5MDk2MjY5MQ%3D%3D.2,https://www.instagram.com/p/BKoCbqqAq8D/?taken-by=blackworkers
https://scontent-lga3-1.cdninstagram.com/t51.2885-15/s640x640/sh0.08/e35/14280655_1713879028934521_2035504350125621248_n.jpg?ig_cache_key=MTM0MzgxNzYyOTg4MTYzNDUxOA%3D%3D.2,https://www.instagram.com/p/BKmMwO4AI7W/?taken-by=blackworkers
https://scontent-lga3-1.cdninstagram.com/t51.2885-15/s640x640/sh0.08/e35/14295446_1163091557083977_8995973283971072000_n.jpg?ig_cache_key=MTM0MzgxMzQzNzQ5MDQ1MzY0MA%3D%3D.2,https://www.instagram.com/p/BKmLzOaA9yI/?taken-by=blackworkers
https://scontent-lga3-1.cdninstagram.com/t51.2885-15/s640x640/sh0.08/e35/14280379_1245524392158912_5625040026720010240_n.jpg?ig_cache_key=MTM0Mzc3MDU0MzM0OTg1OTg0MA%3D%3D.2,https://www.instagram.com/p/BKmCDCIAIYA/?taken-by=blackworkers
https://scontent-lga3-1.cdninstagram.com/t51.2885-15/s640x640/sh0.08/e35/14309684_1749773755234537_5696549913643450368_n.jpg?ig_cache_key=MTM0Mzc2ODAwOTM4NjMyNDA4MA%3D%3D.2,https://www.instagram.com/p/BKmBeKMAXBw/?taken-by=blackworkers
https://scontent-lga3-1.cdninstagram.com/t51.2885-15/s640x640/sh0.08/e35/14374295_1661071704183584_3903238326957637632_n.jpg?ig_cache_key=MTM0Mzc2MzIwODAyNDA4ODk0MQ%3D%3D.2,https://www.instagram.com/p/BKmAYSkg-Ft/?taken-by=blackworkers
https://scontent-lga3-1.cdninstagram.com/t51.2885-15/s640x640/sh0.08/e35/14334700_210581959357963_811076076_n.jpg?ig_cache_key=MTM0MzYxNzM1MDE5NjQ1NTc0NA%3D%3D.2,https://www.instagram.com/p/BKlfNx4gulA/?taken-by=blackworkers
https://scontent-lga3-1.cdninstagram.com/t51.2885-15/s640x640/sh0.08/e35/14295411_1646507015661027_1096758534_n.jpg?ig_cache_key=MTM0MzYxNjIxNjkxMjI2NDAzMg%3D%3D.2,https://www.instagram.com/p/BKle9Sbgntg/?taken-by=blackworkers
https://scontent-lga3-1.cdninstagram.com/t51.2885-15/s640x640/sh0.08/e35/14276651_655544777947044_234459750_n.jpg?ig_cache_key=MTM0MzA4MzMyMTczOTEzMTI4NQ%3D%3D.2,https://www.instagram.com/p/BKjlypIAzmV/?taken-by=blackworkers
https://scontent-lga3-1.cdninstagram.com/t51.2885-15/s640x640/sh0.08/e35/14350892_684198541743854_341961919_n.jpg?ig_cache_key=MTM0MzA4MzE0MDEwMDYxMDQ2Mw%3D%3D.2,https://www.instagram.com/p/BKjlv_9g1mf/?taken-by=blackworkers
https://scontent-lga3-1.cdninstagram.com/t51.2885-15/s640x640/sh0.08/e35/14262780_1626253684340222_429049774_n.jpg?ig_cache_key=MTM0MzA4MTMxNTIyNTk5NDUxNg%3D%3D.2,https://www.instagram.com/p/BKjlVcagoUU/?taken-by=blackworkers
https://scontent-lga3-1.cdninstagram.com/t51.2885-15/s640x640/sh0.08/e35/14360056_1023199191131450_1828151711_n.jpg?ig_cache_key=MTM0MzA3ODM3Nzg5NjExOTM4Mg%3D%3D.2,https://www.instagram.com/p/BKjkqs0AYxW/?taken-by=blackworkers
https://scontent-lga3-1.cdninstagram.com/t51.2885-15/s640x640/sh0.08/e35/14294969_189994114762669_1022065859_n.jpg?ig_cache_key=MTM0MzAzNTc5MDE1ODAwMjUyOQ%3D%3D.2,https://www.instagram.com/p/BKja-95APlh/?taken-by=blackworkers
https://scontent-lga3-1.cdninstagram.com/t51.2885-15/s640x640/sh0.08/e35/14262696_1152537928166245_803213063_n.jpg?ig_cache_key=MTM0Mjc2MjE0ODYwNjIwNzc5NQ%3D%3D.2,https://www.instagram.com/p/BKicw9Vg2cz/?taken-by=blackworkers
https://scontent-lga3-1.cdninstagram.com/t51.2885-15/s640x640/sh0.08/e35/14269257_341717289503801_1239469274_n.jpg?ig_cache_key=MTM0MjUxMjg3NTIyMjE4ODE4NA%3D%3D.2,https://www.instagram.com/p/BKhkFjaAcCY/?taken-by=blackworkers
https://scontent-lga3-1.cdninstagram.com/t51.2885-15/s640x640/sh0.08/e35/14309760_699763343509861_548567729_n.jpg?ig_cache_key=MTM0MjQ4NTk4MzY0MzQxNzA5Mw%3D%3D.2,https://www.instagram.com/p/BKhd-OrAboF/?taken-by=blackworkers
https://scontent-lga3-1.cdninstagram.com/t51.2885-15/s640x640/sh0.08/e35/14294845_1246689718708999_1091133054_n.jpg?ig_cache_key=MTM0MjQ4NTQ5NDIxMDEzNDE5MQ%3D%3D.2,https://www.instagram.com/p/BKhd3G2goCv/?taken-by=blackworkers
https://scontent-lga3-1.cdninstagram.com/t51.2885-15/s640x640/sh0.08/e35/c0.43.717.717/14310804_1146858112036011_78387376_n.jpg?ig_cache_key=MTM0MjIxMjQ0MDUzMTkyMzQxMg%3D%3D.2.c,https://www.instagram.com/p/BKgfxpzA_HU/?taken-by=blackworkers
https://scontent-lga3-1.cdninstagram.com/t51.2885-15/e35/14262763_973219319467244_228689234_n.jpg?ig_cache_key=MTM0MjIxMTMwNDExODczNzY1NA%3D%3D.2,https://www.instagram.com/p/BKgfhHbgtr2/?taken-by=blackworkers
https://scontent-lga3-1.cdninstagram.com/t51.2885-15/e35/14276611_1760578584192160_220730800_n.jpg?ig_cache_key=MTM0MjIwOTczNjU3MzE4MTc3Mg%3D%3D.2,https://www.instagram.com/p/BKgfKTig99M/?taken-by=blackworkers
https://scontent-lga3-1.cdninstagram.com/t51.2885-15/s640x640/sh0.08/e35/14295568_603654223139174_899456196_n.jpg?ig_cache_key=MTM0MTc0MTg5NTg2MDM1MDU2MA%3D%3D.2,https://www.instagram.com/p/BKe0yU7A-5g/?taken-by=blackworkers
https://scontent-lga3-1.cdninstagram.com/t51.2885-15/s640x640/sh0.08/e35/14294742_1803735933176307_1516087500_n.jpg?ig_cache_key=MTM0MTcxMTgxMjA1NTMzMDU2Mg%3D%3D.2,https://www.instagram.com/p/BKet8jMgO8C/?taken-by=blackworkers
https://scontent-lga3-1.cdninstagram.com/t51.2885-15/s640x640/sh0.08/e35/14294764_535257796669346_634885706_n.jpg?ig_cache_key=MTM0MTcwOTk1OTk5MzMzMTY0Nw%3D%3D.2,https://www.instagram.com/p/BKethmVAY-_/?taken-by=blackworkers
https://scontent-lga3-1.cdninstagram.com/t51.2885-15/s640x640/sh0.08/e35/14359499_849170178448553_736422146_n.jpg?ig_cache_key=MTM0MTcwODUwMjU1NjUxMjc4NQ%3D%3D.2,https://www.instagram.com/p/BKetMY_AJIR/?taken-by=blackworkers
https://scontent-lga3-1.cdninstagram.com/t51.2885-15/s640x640/sh0.08/e35/14240614_1774430126112984_1516985564_n.jpg?ig_cache_key=MTM0MTQ2NzA1NzQ4MDQ2NjY5MQ%3D%3D.2,https://www.instagram.com/p/BKd2S5vAwED/?taken-by=blackworkers
